payment_id,customer_id,staff_id,rental_id,amount,payment_date,last_update
1,1,1,76,2.99,25/05/2005 11:30,15/02/2006 6:12
2,1,1,573,0.99,28/05/2005 10:35,15/02/2006 6:12
3,1,1,1185,5.99,15/06/2005 0:54,15/02/2006 6:12
4,1,2,1422,0.99,15/06/2005 18:02,15/02/2006 6:12
5,1,2,1476,9.99,15/06/2005 21:08,15/02/2006 6:12
6,1,1,1725,4.99,16/06/2005 15:18,15/02/2006 6:12
7,1,1,2308,4.99,18/06/2005 8:41,15/02/2006 6:12
8,1,2,2363,0.99,18/06/2005 13:33,15/02/2006 6:12
9,1,1,3284,3.99,21/06/2005 6:24,15/02/2006 6:12
10,1,2,4526,5.99,08/07/2005 3:17,15/02/2006 6:12
11,1,1,4611,5.99,08/07/2005 7:33,15/02/2006 6:12
12,1,1,5244,4.99,09/07/2005 13:24,15/02/2006 6:12
13,1,1,5326,4.99,09/07/2005 16:38,15/02/2006 6:12
14,1,1,6163,7.99,11/07/2005 10:13,15/02/2006 6:12
15,1,2,7273,2.99,27/07/2005 11:31,15/02/2006 6:12
16,1,1,7841,4.99,28/07/2005 9:04,15/02/2006 6:12
17,1,2,8033,4.99,28/07/2005 16:18,15/02/2006 6:12
18,1,1,8074,0.99,28/07/2005 17:33,15/02/2006 6:12
19,1,2,8116,0.99,28/07/2005 19:20,15/02/2006 6:12
20,1,2,8326,2.99,29/07/2005 3:58,15/02/2006 6:12
21,1,2,9571,2.99,31/07/2005 2:42,15/02/2006 6:12
22,1,2,10437,4.99,01/08/2005 8:51,15/02/2006 6:12
23,1,2,11299,3.99,02/08/2005 15:36,15/02/2006 6:12
24,1,1,11367,0.99,02/08/2005 18:01,15/02/2006 6:12
25,1,2,11824,4.99,17/08/2005 12:37,15/02/2006 6:12
26,1,1,12250,0.99,18/08/2005 3:57,15/02/2006 6:12
27,1,2,13068,0.99,19/08/2005 9:55,15/02/2006 6:12
28,1,2,13176,2.99,19/08/2005 13:56,15/02/2006 6:12
29,1,1,14762,0.99,21/08/2005 23:33,15/02/2006 6:12
30,1,1,14825,1.99,22/08/2005 1:27,15/02/2006 6:12
31,1,2,15298,2.99,22/08/2005 19:41,15/02/2006 6:12
32,1,1,15315,5.99,22/08/2005 20:03,15/02/2006 6:12
33,2,1,320,4.99,27/05/2005 0:09,15/02/2006 6:12
34,2,1,2128,2.99,17/06/2005 20:54,15/02/2006 6:12
35,2,1,5636,2.99,10/07/2005 6:31,15/02/2006 6:12
36,2,1,5755,6.99,10/07/2005 12:38,15/02/2006 6:12
37,2,2,7346,4.99,27/07/2005 14:30,15/02/2006 6:12
38,2,1,7376,5.99,27/07/2005 15:23,15/02/2006 6:12
39,2,2,7459,5.99,27/07/2005 18:40,15/02/2006 6:12
40,2,2,8230,5.99,29/07/2005 0:12,15/02/2006 6:12
41,2,1,8598,2.99,29/07/2005 12:56,15/02/2006 6:12
42,2,2,8705,5.99,29/07/2005 17:14,15/02/2006 6:12
43,2,1,9031,4.99,30/07/2005 6:06,15/02/2006 6:12
44,2,2,9236,10.99,30/07/2005 13:47,15/02/2006 6:12
45,2,2,9248,0.99,30/07/2005 14:14,15/02/2006 6:12
46,2,2,9296,6.99,30/07/2005 16:21,15/02/2006 6:12
47,2,2,9465,6.99,30/07/2005 22:39,15/02/2006 6:12
48,2,1,10136,2.99,31/07/2005 21:58,15/02/2006 6:12
49,2,1,10466,0.99,01/08/2005 9:45,15/02/2006 6:12
50,2,1,10918,0.99,02/08/2005 2:10,15/02/2006 6:12
51,2,1,11087,5.99,02/08/2005 7:41,15/02/2006 6:12
52,2,1,11177,6.99,02/08/2005 10:43,15/02/2006 6:12
53,2,2,11256,2.99,02/08/2005 13:44,15/02/2006 6:12
54,2,1,11614,2.99,17/08/2005 3:52,15/02/2006 6:12
55,2,1,12963,2.99,19/08/2005 6:26,15/02/2006 6:12
56,2,1,14475,4.99,21/08/2005 13:24,15/02/2006 6:12
57,2,2,14743,5.99,21/08/2005 22:41,15/02/2006 6:12
58,2,2,15145,4.99,22/08/2005 13:53,15/02/2006 6:12
59,2,2,15907,4.99,23/08/2005 17:39,15/02/2006 6:12
60,3,1,435,1.99,27/05/2005 17:17,15/02/2006 6:12
61,3,1,830,2.99,29/05/2005 22:43,15/02/2006 6:12
62,3,1,1546,8.99,16/06/2005 1:34,15/02/2006 6:12
63,3,1,1726,6.99,16/06/2005 15:19,15/02/2006 6:12
64,3,2,1911,6.99,17/06/2005 5:15,15/02/2006 6:12
65,3,1,2628,2.99,19/06/2005 8:34,15/02/2006 6:12
66,3,1,4180,4.99,07/07/2005 10:23,15/02/2006 6:12
67,3,1,4725,4.99,08/07/2005 12:47,15/02/2006 6:12
68,3,1,7096,5.99,27/07/2005 4:54,15/02/2006 6:12
69,3,2,7503,10.99,27/07/2005 20:23,15/02/2006 6:12
70,3,2,7703,7.99,28/07/2005 3:59,15/02/2006 6:12
71,3,2,7724,6.99,28/07/2005 4:46,15/02/2006 6:12
72,3,1,7911,4.99,28/07/2005 11:46,15/02/2006 6:12
73,3,2,8086,4.99,28/07/2005 18:17,15/02/2006 6:12
74,3,1,8545,2.99,29/07/2005 11:07,15/02/2006 6:12
75,3,1,9226,1.99,30/07/2005 13:31,15/02/2006 6:12
76,3,2,9443,3.99,30/07/2005 21:45,15/02/2006 6:12
77,3,1,9595,2.99,31/07/2005 3:27,15/02/2006 6:12
78,3,2,9816,4.99,31/07/2005 11:32,15/02/2006 6:12
79,3,2,10597,5.99,01/08/2005 14:19,15/02/2006 6:12
80,3,2,12556,4.99,18/08/2005 14:49,15/02/2006 6:12
81,3,1,13403,8.99,19/08/2005 22:18,15/02/2006 6:12
82,3,2,13610,2.99,20/08/2005 6:14,15/02/2006 6:12
83,3,2,14699,8.99,21/08/2005 20:50,15/02/2006 6:12
84,3,2,15038,0.99,22/08/2005 9:37,15/02/2006 6:12
85,3,1,15619,2.99,23/08/2005 7:10,15/02/2006 6:12
86,4,1,1297,4.99,15/06/2005 9:31,15/02/2006 6:12
87,4,1,1633,0.99,16/06/2005 8:08,15/02/2006 6:12
88,4,2,1707,2.99,16/06/2005 14:01,15/02/2006 6:12
89,4,2,1735,0.99,16/06/2005 15:51,15/02/2006 6:12
90,4,2,2043,0.99,17/06/2005 14:31,15/02/2006 6:12
91,4,1,2642,5.99,19/06/2005 9:39,15/02/2006 6:12
92,4,1,7660,2.99,28/07/2005 2:10,15/02/2006 6:12
93,4,2,7718,2.99,28/07/2005 4:37,15/02/2006 6:12
94,4,1,8741,3.99,29/07/2005 18:44,15/02/2006 6:12
95,4,1,9100,5.99,30/07/2005 8:46,15/02/2006 6:12
96,4,1,9371,5.99,30/07/2005 18:58,15/02/2006 6:12
97,4,2,11069,0.99,02/08/2005 7:09,15/02/2006 6:12
98,4,1,11110,2.99,02/08/2005 8:20,15/02/2006 6:12
99,4,2,11529,4.99,17/08/2005 0:28,15/02/2006 6:12
100,4,1,12151,2.99,18/08/2005 0:14,15/02/2006 6:12
101,4,2,12294,8.99,18/08/2005 5:14,15/02/2006 6:12
102,4,2,12856,1.99,19/08/2005 2:19,15/02/2006 6:12
103,4,1,13704,2.99,20/08/2005 9:32,15/02/2006 6:12
104,4,1,13807,6.99,20/08/2005 12:55,15/02/2006 6:12
105,4,2,14225,4.99,21/08/2005 4:53,15/02/2006 6:12
106,4,1,15147,2.99,22/08/2005 13:58,15/02/2006 6:12
107,4,2,15635,1.99,23/08/2005 7:43,15/02/2006 6:12
108,5,1,731,0.99,29/05/2005 7:25,15/02/2006 6:12
109,5,1,1085,6.99,31/05/2005 11:15,15/02/2006 6:12
110,5,1,1142,1.99,31/05/2005 19:46,15/02/2006 6:12
111,5,1,1502,3.99,15/06/2005 22:03,15/02/2006 6:12
112,5,2,1631,2.99,16/06/2005 8:01,15/02/2006 6:12
113,5,2,2063,4.99,17/06/2005 15:56,15/02/2006 6:12
114,5,2,2570,2.99,19/06/2005 4:20,15/02/2006 6:12
115,5,2,3126,4.99,20/06/2005 18:38,15/02/2006 6:12
116,5,2,3677,4.99,06/07/2005 9:11,15/02/2006 6:12
117,5,2,4889,2.99,08/07/2005 20:04,15/02/2006 6:12
118,5,1,5016,4.99,09/07/2005 1:57,15/02/2006 6:12
119,5,2,5118,5.99,09/07/2005 7:13,15/02/2006 6:12
120,5,2,5156,1.99,09/07/2005 8:51,15/02/2006 6:12
121,5,2,5721,0.99,10/07/2005 11:09,15/02/2006 6:12
122,5,1,6042,8.99,11/07/2005 3:17,15/02/2006 6:12
123,5,1,6663,3.99,12/07/2005 11:27,15/02/2006 6:12
124,5,2,6685,4.99,12/07/2005 12:16,15/02/2006 6:12
125,5,2,7293,0.99,27/07/2005 12:37,15/02/2006 6:12
126,5,2,7652,0.99,28/07/2005 1:50,15/02/2006 6:12
127,5,2,7829,3.99,28/07/2005 8:43,15/02/2006 6:12
128,5,1,8263,2.99,29/07/2005 1:11,15/02/2006 6:12
129,5,1,8978,1.99,30/07/2005 4:14,15/02/2006 6:12
130,5,1,9493,4.99,30/07/2005 23:52,15/02/2006 6:12
131,5,1,9888,3.99,31/07/2005 14:00,15/02/2006 6:12
132,5,2,10609,4.99,01/08/2005 14:48,15/02/2006 6:12
133,5,1,10625,0.99,01/08/2005 15:27,15/02/2006 6:12
134,5,2,11001,4.99,02/08/2005 4:56,15/02/2006 6:12
135,5,1,11179,4.99,02/08/2005 10:50,15/02/2006 6:12
136,5,2,11930,3.99,17/08/2005 16:28,15/02/2006 6:12
137,5,1,12145,9.99,18/08/2005 0:10,15/02/2006 6:12
138,5,1,12797,2.99,19/08/2005 0:24,15/02/2006 6:12
139,5,1,13063,1.99,19/08/2005 9:45,15/02/2006 6:12
140,5,2,13877,0.99,20/08/2005 15:16,15/02/2006 6:12
141,5,2,14053,6.99,20/08/2005 22:13,15/02/2006 6:12
142,5,1,14430,6.99,21/08/2005 11:31,15/02/2006 6:12
143,5,2,14494,2.99,21/08/2005 14:02,15/02/2006 6:12
144,5,2,15232,0.99,22/08/2005 17:37,15/02/2006 6:12
145,5,2,13209,0.99,14/02/2006 15:16,15/02/2006 6:12
146,6,2,57,4.99,25/05/2005 8:43,15/02/2006 6:12
147,6,1,577,2.99,28/05/2005 11:09,15/02/2006 6:12
148,6,2,916,0.99,30/05/2005 11:25,15/02/2006 6:12
149,6,1,1575,3.99,16/06/2005 3:41,15/02/2006 6:12
150,6,2,1841,2.99,16/06/2005 23:44,15/02/2006 6:12
151,6,1,1966,0.99,17/06/2005 9:19,15/02/2006 6:12
152,6,1,2345,0.99,18/06/2005 12:03,15/02/2006 6:12
153,6,2,3983,0.99,06/07/2005 23:14,15/02/2006 6:12
154,6,2,4278,2.99,07/07/2005 14:53,15/02/2006 6:12
155,6,1,5553,0.99,10/07/2005 3:03,15/02/2006 6:12
156,6,2,6211,5.99,11/07/2005 12:39,15/02/2006 6:12
157,6,1,6248,7.99,11/07/2005 15:01,15/02/2006 6:12
158,6,2,6686,0.99,12/07/2005 12:18,15/02/2006 6:12
159,6,2,7099,2.99,27/07/2005 5:03,15/02/2006 6:12
160,6,2,7136,2.99,27/07/2005 6:38,15/02/2006 6:12
161,6,1,8101,0.99,28/07/2005 18:47,15/02/2006 6:12
162,6,1,10271,2.99,01/08/2005 3:13,15/02/2006 6:12
163,6,1,11023,2.99,02/08/2005 5:36,15/02/2006 6:12
164,6,1,11398,3.99,02/08/2005 18:55,15/02/2006 6:12
165,6,1,11591,6.99,17/08/2005 2:29,15/02/2006 6:12
166,6,1,11727,0.99,17/08/2005 8:12,15/02/2006 6:12
167,6,1,11853,0.99,17/08/2005 13:39,15/02/2006 6:12
168,6,2,12254,2.99,18/08/2005 4:05,15/02/2006 6:12
169,6,2,13451,6.99,20/08/2005 0:18,15/02/2006 6:12
170,6,1,14329,7.99,21/08/2005 8:22,15/02/2006 6:12
171,6,1,14377,4.99,21/08/2005 9:49,15/02/2006 6:12
172,6,1,15509,5.99,23/08/2005 2:51,15/02/2006 6:12
173,6,2,15603,0.99,23/08/2005 6:41,15/02/2006 6:12
174,7,2,46,5.99,25/05/2005 6:04,15/02/2006 6:12
175,7,2,117,0.99,25/05/2005 19:30,15/02/2006 6:12
176,7,2,748,2.99,29/05/2005 9:27,15/02/2006 6:12
177,7,1,975,4.99,30/05/2005 21:07,15/02/2006 6:12
178,7,1,1063,5.99,31/05/2005 8:44,15/02/2006 6:12
179,7,2,1810,0.99,16/06/2005 21:06,15/02/2006 6:12
180,7,1,2250,2.99,18/06/2005 5:03,15/02/2006 6:12
181,7,1,2709,0.99,19/06/2005 14:00,15/02/2006 6:12
182,7,1,2888,4.99,20/06/2005 1:50,15/02/2006 6:12
183,7,1,3007,0.99,20/06/2005 10:11,15/02/2006 6:12
184,7,2,3639,5.99,06/07/2005 7:09,15/02/2006 6:12
185,7,2,4238,2.99,07/07/2005 13:22,15/02/2006 6:12
186,7,2,4787,5.99,08/07/2005 16:16,15/02/2006 6:12
187,7,1,4856,4.99,08/07/2005 18:47,15/02/2006 6:12
188,7,1,5441,8.99,09/07/2005 21:52,15/02/2006 6:12
189,7,1,5921,7.99,10/07/2005 21:35,15/02/2006 6:12
190,7,1,6174,1.99,11/07/2005 10:36,15/02/2006 6:12
191,7,1,6295,2.99,11/07/2005 17:30,15/02/2006 6:12
192,7,2,6761,3.99,12/07/2005 15:17,15/02/2006 6:12
193,7,2,8422,5.99,29/07/2005 7:02,15/02/2006 6:12
194,7,2,9624,7.99,31/07/2005 4:30,15/02/2006 6:12
195,7,2,10330,6.99,01/08/2005 4:57,15/02/2006 6:12
196,7,1,10423,5.99,01/08/2005 8:19,15/02/2006 6:12
197,7,1,10514,4.99,01/08/2005 11:39,15/02/2006 6:12
198,7,2,10644,4.99,01/08/2005 15:52,15/02/2006 6:12
199,7,2,10989,3.99,02/08/2005 4:40,15/02/2006 6:12
200,7,2,11542,7.99,17/08/2005 0:51,15/02/2006 6:12
201,7,1,12367,8.99,18/08/2005 7:57,15/02/2006 6:12
202,7,1,12730,2.99,18/08/2005 21:55,15/02/2006 6:12
203,7,2,13373,2.99,19/08/2005 21:23,15/02/2006 6:12
204,7,1,13476,2.99,20/08/2005 1:06,15/02/2006 6:12
205,7,1,13594,0.99,20/08/2005 5:53,15/02/2006 6:12
206,7,1,14222,5.99,21/08/2005 4:49,15/02/2006 6:12
207,8,2,866,6.99,30/05/2005 3:43,15/02/2006 6:12
208,8,2,1305,2.99,15/06/2005 9:59,15/02/2006 6:12
209,8,1,2095,5.99,17/06/2005 18:21,15/02/2006 6:12
210,8,2,3114,4.99,20/06/2005 17:57,15/02/2006 6:12
211,8,1,3475,5.99,05/07/2005 23:01,15/02/2006 6:12
212,8,1,4003,0.99,07/07/2005 0:09,15/02/2006 6:12
213,8,2,4175,2.99,07/07/2005 10:02,15/02/2006 6:12
214,8,2,4409,3.99,07/07/2005 21:47,15/02/2006 6:12
215,8,1,4503,3.99,08/07/2005 2:17,15/02/2006 6:12
216,8,1,5300,2.99,09/07/2005 15:40,15/02/2006 6:12
217,8,2,5341,2.99,09/07/2005 17:13,15/02/2006 6:12
218,8,1,6375,4.99,11/07/2005 21:39,15/02/2006 6:12
219,8,1,6647,0.99,12/07/2005 10:43,15/02/2006 6:12
220,8,1,8809,1.99,29/07/2005 21:42,15/02/2006 6:12
221,8,2,9629,2.99,31/07/2005 4:54,15/02/2006 6:12
222,8,2,10141,0.99,31/07/2005 22:08,15/02/2006 6:12
223,8,2,10561,2.99,01/08/2005 13:05,15/02/2006 6:12
224,8,1,11232,9.99,02/08/2005 13:04,15/02/2006 6:12
225,8,2,11284,2.99,02/08/2005 14:42,15/02/2006 6:12
226,8,1,12613,2.99,18/08/2005 17:16,15/02/2006 6:12
227,8,1,14114,0.99,21/08/2005 1:07,15/02/2006 6:12
228,8,1,15374,7.99,22/08/2005 22:09,15/02/2006 6:12
229,8,1,15764,2.99,23/08/2005 13:05,15/02/2006 6:12
230,8,1,15805,4.99,23/08/2005 14:31,15/02/2006 6:12
231,9,2,350,4.99,27/05/2005 5:01,15/02/2006 6:12
232,9,2,877,0.99,30/05/2005 5:48,15/02/2006 6:12
233,9,2,1075,4.99,31/05/2005 10:13,15/02/2006 6:12
234,9,2,3142,7.99,20/06/2005 19:59,15/02/2006 6:12
235,9,2,3262,4.99,21/06/2005 4:08,15/02/2006 6:12
236,9,1,4454,2.99,07/07/2005 23:37,15/02/2006 6:12
237,9,2,4748,0.99,08/07/2005 13:59,15/02/2006 6:12
238,9,1,4796,1.99,08/07/2005 16:35,15/02/2006 6:12
239,9,1,5659,2.99,10/07/2005 7:45,15/02/2006 6:12
240,9,2,6019,4.99,11/07/2005 2:08,15/02/2006 6:12
241,9,1,6165,5.99,11/07/2005 10:17,15/02/2006 6:12
242,9,2,7616,0.99,28/07/2005 0:15,15/02/2006 6:12
243,9,1,7801,2.99,28/07/2005 7:51,15/02/2006 6:12
244,9,1,9043,4.99,30/07/2005 6:34,15/02/2006 6:12
245,9,1,10451,0.99,01/08/2005 9:11,15/02/2006 6:12
246,9,1,10454,4.99,01/08/2005 9:14,15/02/2006 6:12
247,9,2,11400,5.99,02/08/2005 19:00,15/02/2006 6:12
248,9,1,11556,0.99,17/08/2005 1:11,15/02/2006 6:12
249,9,1,12228,2.99,18/08/2005 3:08,15/02/2006 6:12
250,9,1,12309,2.99,18/08/2005 5:58,15/02/2006 6:12
251,9,2,12652,4.99,18/08/2005 18:48,15/02/2006 6:12
252,9,2,14489,7.99,21/08/2005 13:53,15/02/2006 6:12
253,9,1,15813,4.99,14/02/2006 15:16,15/02/2006 6:12
254,10,2,1140,4.99,31/05/2005 19:36,15/02/2006 6:12
255,10,1,1801,4.99,16/06/2005 20:21,15/02/2006 6:12
256,10,1,1995,4.99,17/06/2005 11:11,15/02/2006 6:12
257,10,2,2222,3.99,18/06/2005 3:26,15/02/2006 6:12
258,10,1,2814,0.99,19/06/2005 20:01,15/02/2006 6:12
259,10,1,2865,0.99,20/06/2005 0:00,15/02/2006 6:12
260,10,2,3790,3.99,06/07/2005 14:13,15/02/2006 6:12
261,10,2,4042,4.99,07/07/2005 3:06,15/02/2006 6:12
262,10,1,4255,1.99,07/07/2005 14:14,15/02/2006 6:12
263,10,1,5038,7.99,09/07/2005 3:12,15/02/2006 6:12
264,10,2,5068,2.99,09/07/2005 4:53,15/02/2006 6:12
265,10,1,5444,0.99,09/07/2005 21:58,15/02/2006 6:12
266,10,1,5905,2.99,10/07/2005 20:41,15/02/2006 6:12
267,10,1,7738,2.99,28/07/2005 5:21,15/02/2006 6:12
268,10,2,8001,6.99,28/07/2005 15:10,15/02/2006 6:12
269,10,2,8188,4.99,28/07/2005 22:34,15/02/2006 6:12
270,10,1,9935,4.99,31/07/2005 15:27,15/02/2006 6:12
271,10,2,10671,8.99,01/08/2005 17:09,15/02/2006 6:12
272,10,2,11289,2.99,02/08/2005 14:55,15/02/2006 6:12
273,10,1,11405,0.99,02/08/2005 19:13,15/02/2006 6:12
274,10,2,12031,2.99,17/08/2005 20:11,15/02/2006 6:12
275,10,2,12400,2.99,18/08/2005 9:19,15/02/2006 6:12
276,10,2,13316,4.99,19/08/2005 19:23,15/02/2006 6:12
277,10,2,13917,2.99,20/08/2005 16:43,15/02/2006 6:12
278,10,1,15370,5.99,22/08/2005 21:59,15/02/2006 6:12
279,11,1,987,6.99,30/05/2005 22:59,15/02/2006 6:12
280,11,1,1470,6.99,15/06/2005 20:53,15/02/2006 6:12
281,11,1,1939,7.99,17/06/2005 7:26,15/02/2006 6:12
282,11,1,3192,0.99,20/06/2005 23:49,15/02/2006 6:12
283,11,2,4608,2.99,08/07/2005 7:19,15/02/2006 6:12
284,11,1,4943,4.99,08/07/2005 22:43,15/02/2006 6:12
285,11,2,5835,5.99,10/07/2005 16:44,15/02/2006 6:12
286,11,2,6146,6.99,11/07/2005 9:09,15/02/2006 6:12
287,11,1,7314,4.99,27/07/2005 13:13,15/02/2006 6:12
288,11,1,8014,4.99,28/07/2005 15:32,15/02/2006 6:12
289,11,2,8100,2.99,28/07/2005 18:43,15/02/2006 6:12
290,11,2,8447,1.99,29/07/2005 7:38,15/02/2006 6:12
291,11,1,8715,0.99,29/07/2005 17:33,15/02/2006 6:12
292,11,1,8950,9.99,30/07/2005 3:17,15/02/2006 6:12
293,11,2,9292,6.99,30/07/2005 16:08,15/02/2006 6:12
294,11,1,10812,4.99,01/08/2005 22:41,15/02/2006 6:12
295,11,2,11166,6.99,02/08/2005 10:14,15/02/2006 6:12
296,11,2,11502,0.99,16/08/2005 23:06,15/02/2006 6:12
297,11,2,12015,5.99,17/08/2005 19:32,15/02/2006 6:12
298,11,2,13572,0.99,20/08/2005 5:07,15/02/2006 6:12
299,11,1,13790,4.99,20/08/2005 12:17,15/02/2006 6:12
300,11,1,15120,0.99,22/08/2005 12:42,15/02/2006 6:12
301,11,2,15240,2.99,22/08/2005 17:46,15/02/2006 6:12
302,11,1,11646,0.99,14/02/2006 15:16,15/02/2006 6:12
303,12,1,988,4.99,30/05/2005 23:08,15/02/2006 6:12
304,12,1,1084,4.99,31/05/2005 11:10,15/02/2006 6:12
305,12,2,1752,5.99,16/06/2005 17:02,15/02/2006 6:12
306,12,2,2434,5.99,18/06/2005 18:11,15/02/2006 6:12
307,12,2,2500,5.99,18/06/2005 23:07,15/02/2006 6:12
308,12,2,2623,4.99,19/06/2005 8:11,15/02/2006 6:12
309,12,2,3135,2.99,20/06/2005 19:33,15/02/2006 6:12
310,12,1,3411,0.99,21/06/2005 16:31,15/02/2006 6:12
311,12,1,3870,3.99,06/07/2005 17:57,15/02/2006 6:12
312,12,1,5071,0.99,09/07/2005 5:00,15/02/2006 6:12
313,12,1,5074,0.99,09/07/2005 5:06,15/02/2006 6:12
314,12,2,5111,0.99,09/07/2005 7:02,15/02/2006 6:12
315,12,2,5242,3.99,09/07/2005 13:20,15/02/2006 6:12
316,12,1,6773,2.99,12/07/2005 15:55,15/02/2006 6:12
317,12,2,7008,0.99,27/07/2005 1:44,15/02/2006 6:12
318,12,2,7279,0.99,27/07/2005 11:50,15/02/2006 6:12
319,12,2,8985,0.99,30/07/2005 4:34,15/02/2006 6:12
320,12,2,9166,4.99,30/07/2005 11:26,15/02/2006 6:12
321,12,2,9238,5.99,30/07/2005 13:49,15/02/2006 6:12
322,12,1,9627,5.99,31/07/2005 4:42,15/02/2006 6:12
323,12,2,9708,5.99,31/07/2005 7:45,15/02/2006 6:12
324,12,2,10392,10.99,01/08/2005 6:50,15/02/2006 6:12
325,12,2,11497,0.99,16/08/2005 22:52,15/02/2006 6:12
326,12,1,12604,4.99,18/08/2005 16:58,15/02/2006 6:12
327,12,2,13519,0.99,20/08/2005 2:37,15/02/2006 6:12
328,12,2,13895,2.99,20/08/2005 15:58,15/02/2006 6:12
329,12,2,14240,4.99,21/08/2005 5:19,15/02/2006 6:12
330,12,1,15993,0.99,23/08/2005 20:28,15/02/2006 6:12
331,13,1,1933,2.99,17/06/2005 6:54,15/02/2006 6:12
332,13,1,2209,4.99,18/06/2005 2:24,15/02/2006 6:12
333,13,1,2952,2.99,20/06/2005 6:26,15/02/2006 6:12
334,13,1,3047,8.99,20/06/2005 12:45,15/02/2006 6:12
335,13,2,3946,2.99,06/07/2005 21:39,15/02/2006 6:12
336,13,1,6118,8.99,11/07/2005 7:43,15/02/2006 6:12
337,13,1,6568,2.99,12/07/2005 5:45,15/02/2006 6:12
338,13,1,6870,0.99,12/07/2005 20:13,15/02/2006 6:12
339,13,1,6897,2.99,12/07/2005 21:30,15/02/2006 6:12
340,13,1,7916,2.99,28/07/2005 11:49,15/02/2006 6:12
341,13,1,8277,2.99,29/07/2005 1:38,15/02/2006 6:12
342,13,2,8831,11.99,29/07/2005 22:37,15/02/2006 6:12
343,13,2,9260,9.99,30/07/2005 14:38,15/02/2006 6:12
344,13,2,9434,0.99,30/07/2005 21:29,15/02/2006 6:12
345,13,1,9664,0.99,31/07/2005 6:12,15/02/2006 6:12
346,13,1,9736,7.99,31/07/2005 8:58,15/02/2006 6:12
347,13,1,10003,4.99,31/07/2005 17:48,15/02/2006 6:12
348,13,1,11292,4.99,02/08/2005 14:58,15/02/2006 6:12
349,13,2,11315,0.99,02/08/2005 16:05,15/02/2006 6:12
350,13,2,11761,5.99,17/08/2005 9:44,15/02/2006 6:12
351,13,2,12918,7.99,19/08/2005 4:31,15/02/2006 6:12
352,13,2,13096,4.99,19/08/2005 10:49,15/02/2006 6:12
353,13,2,13213,0.99,19/08/2005 15:25,15/02/2006 6:12
354,13,1,13456,0.99,20/08/2005 0:33,15/02/2006 6:12
355,13,1,14252,9.99,21/08/2005 5:44,15/02/2006 6:12
356,13,2,14545,7.99,21/08/2005 15:44,15/02/2006 6:12
357,13,1,15338,4.99,22/08/2005 20:51,15/02/2006 6:12
358,14,1,151,0.99,26/05/2005 0:37,15/02/2006 6:12
359,14,1,346,9.99,27/05/2005 4:34,15/02/2006 6:12
360,14,1,525,5.99,28/05/2005 4:25,15/02/2006 6:12
361,14,1,671,2.99,28/05/2005 22:04,15/02/2006 6:12
362,14,2,815,0.99,29/05/2005 20:24,15/02/2006 6:12
363,14,2,1360,4.99,15/06/2005 13:32,15/02/2006 6:12
364,14,1,3707,2.99,06/07/2005 10:21,15/02/2006 6:12
365,14,1,4952,0.99,08/07/2005 23:00,15/02/2006 6:12
366,14,1,5104,0.99,09/07/2005 6:37,15/02/2006 6:12
367,14,2,5317,7.99,09/07/2005 16:10,15/02/2006 6:12
368,14,1,5383,4.99,09/07/2005 19:14,15/02/2006 6:12
369,14,1,5565,7.99,10/07/2005 3:29,15/02/2006 6:12
370,14,1,8035,6.99,28/07/2005 16:23,15/02/2006 6:12
371,14,1,8042,0.99,28/07/2005 16:45,15/02/2006 6:12
372,14,1,8548,3.99,29/07/2005 11:11,15/02/2006 6:12
373,14,2,8836,4.99,29/07/2005 22:46,15/02/2006 6:12
374,14,2,9438,4.99,30/07/2005 21:36,15/02/2006 6:12
375,14,1,9592,2.99,31/07/2005 3:21,15/02/2006 6:12
376,14,1,10348,2.99,01/08/2005 5:23,15/02/2006 6:12
377,14,2,10526,6.99,01/08/2005 11:55,15/02/2006 6:12
378,14,1,11480,4.99,02/08/2005 22:18,15/02/2006 6:12
379,14,2,11528,3.99,17/08/2005 0:27,15/02/2006 6:12
380,14,1,12668,2.99,18/08/2005 19:16,15/02/2006 6:12
381,14,1,13757,4.99,20/08/2005 11:20,15/02/2006 6:12
382,14,2,15015,6.99,22/08/2005 8:43,15/02/2006 6:12
383,14,1,15373,0.99,22/08/2005 22:08,15/02/2006 6:12
384,14,1,16045,0.99,23/08/2005 22:25,15/02/2006 6:12
385,14,1,13780,4.99,14/02/2006 15:16,15/02/2006 6:12
386,15,1,2486,2.99,18/06/2005 21:26,15/02/2006 6:12
387,15,1,2937,5.99,20/06/2005 5:15,15/02/2006 6:12
388,15,2,3182,0.99,20/06/2005 22:52,15/02/2006 6:12
389,15,1,3550,7.99,06/07/2005 2:29,15/02/2006 6:12
390,15,1,4127,5.99,07/07/2005 7:26,15/02/2006 6:12
391,15,1,5717,2.99,10/07/2005 11:02,15/02/2006 6:12
392,15,2,5975,2.99,11/07/2005 0:14,15/02/2006 6:12
393,15,1,7105,4.99,27/07/2005 5:15,15/02/2006 6:12
394,15,1,8193,0.99,28/07/2005 22:50,15/02/2006 6:12
395,15,2,8615,6.99,29/07/2005 13:36,15/02/2006 6:12
396,15,2,8927,4.99,30/07/2005 2:13,15/02/2006 6:12
397,15,1,9987,2.99,31/07/2005 17:22,15/02/2006 6:12
398,15,1,11118,2.99,02/08/2005 8:44,15/02/2006 6:12
399,15,1,11141,2.99,02/08/2005 9:29,15/02/2006 6:12
400,15,2,11307,2.99,02/08/2005 15:48,15/02/2006 6:12
401,15,2,11341,2.99,02/08/2005 17:09,15/02/2006 6:12
402,15,1,11922,7.99,17/08/2005 16:20,15/02/2006 6:12
403,15,2,12272,2.99,18/08/2005 4:39,15/02/2006 6:12
404,15,2,12551,2.99,18/08/2005 14:46,15/02/2006 6:12
405,15,1,12635,2.99,18/08/2005 18:00,15/02/2006 6:12
406,15,2,13339,8.99,19/08/2005 20:18,15/02/2006 6:12
407,15,1,13393,5.99,19/08/2005 22:03,15/02/2006 6:12
408,15,2,13503,5.99,20/08/2005 2:00,15/02/2006 6:12
409,15,1,13541,4.99,20/08/2005 3:41,15/02/2006 6:12
410,15,2,13677,3.99,20/08/2005 8:34,15/02/2006 6:12
411,15,2,14569,0.99,21/08/2005 16:31,15/02/2006 6:12
412,15,2,14776,4.99,21/08/2005 23:53,15/02/2006 6:12
413,15,2,14872,8.99,22/08/2005 3:23,15/02/2006 6:12
414,15,1,15178,0.99,22/08/2005 15:36,15/02/2006 6:12
415,15,1,15897,4.99,23/08/2005 17:12,15/02/2006 6:12
416,15,1,13798,3.98,14/02/2006 15:16,15/02/2006 6:12
417,15,2,13968,0,14/02/2006 15:16,15/02/2006 6:12
418,16,1,335,3.99,27/05/2005 3:07,15/02/2006 6:12
419,16,1,593,2.99,28/05/2005 13:33,15/02/2006 6:12
420,16,2,887,0.99,30/05/2005 7:10,15/02/2006 6:12
421,16,1,1017,2.99,31/05/2005 2:53,15/02/2006 6:12
422,16,2,1934,6.99,17/06/2005 7:04,15/02/2006 6:12
423,16,1,1944,7.99,17/06/2005 7:50,15/02/2006 6:12
424,16,1,NULL,1.99,18/06/2005 4:56,15/02/2006 6:12
425,16,1,2960,7.99,20/06/2005 7:10,15/02/2006 6:12
426,16,2,3348,0.99,21/06/2005 11:16,15/02/2006 6:12
427,16,1,3548,0.99,06/07/2005 2:23,15/02/2006 6:12
428,16,2,4219,2.99,07/07/2005 12:11,15/02/2006 6:12
429,16,2,4263,3.99,07/07/2005 14:24,15/02/2006 6:12
430,16,2,4517,4.99,08/07/2005 2:45,15/02/2006 6:12
431,16,1,6100,4.99,11/07/2005 6:40,15/02/2006 6:12
432,16,2,7489,0.99,27/07/2005 19:39,15/02/2006 6:12
433,16,2,7552,2.99,27/07/2005 22:03,15/02/2006 6:12
434,16,2,8452,5.99,29/07/2005 7:45,15/02/2006 6:12
435,16,2,9158,0.99,30/07/2005 11:12,15/02/2006 6:12
436,16,2,9610,5.99,31/07/2005 3:54,15/02/2006 6:12
437,16,2,10687,2.99,01/08/2005 17:53,15/02/2006 6:12
438,16,2,10727,2.99,01/08/2005 19:15,15/02/2006 6:12
439,16,2,11308,0.99,02/08/2005 15:50,15/02/2006 6:12
440,16,2,12104,2.99,17/08/2005 22:53,15/02/2006 6:12
441,16,1,12358,4.99,18/08/2005 7:41,15/02/2006 6:12
442,16,1,12577,7.99,18/08/2005 15:39,15/02/2006 6:12
443,16,2,13151,4.99,19/08/2005 13:08,15/02/2006 6:12
444,16,1,13391,4.99,19/08/2005 22:01,15/02/2006 6:12
445,16,1,13480,6.99,20/08/2005 1:10,15/02/2006 6:12
446,16,1,14511,8.99,21/08/2005 14:45,15/02/2006 6:12
447,17,2,287,2.99,26/05/2005 19:44,15/02/2006 6:12
448,17,1,580,2.99,28/05/2005 11:19,15/02/2006 6:12
449,17,2,884,4.99,30/05/2005 6:41,15/02/2006 6:12
450,17,2,2175,5.99,18/06/2005 0:17,15/02/2006 6:12
451,17,1,2684,8.99,19/06/2005 12:29,15/02/2006 6:12
452,17,2,3269,5.99,21/06/2005 5:06,15/02/2006 6:12
453,17,1,5714,3.99,10/07/2005 10:46,15/02/2006 6:12
454,17,1,5883,3.99,10/07/2005 19:25,15/02/2006 6:12
455,17,2,6884,1.99,12/07/2005 20:52,15/02/2006 6:12
456,17,2,8076,8.99,28/07/2005 17:45,15/02/2006 6:12
457,17,1,8213,2.99,28/07/2005 23:37,15/02/2006 6:12
458,17,2,9092,8.99,30/07/2005 8:30,15/02/2006 6:12
459,17,1,9138,2.99,30/07/2005 10:11,15/02/2006 6:12
460,17,2,9382,8.99,30/07/2005 19:23,15/02/2006 6:12
461,17,1,9489,0.99,30/07/2005 23:43,15/02/2006 6:12
462,17,2,11990,4.99,17/08/2005 18:26,15/02/2006 6:12
463,17,1,13732,2.99,20/08/2005 10:24,15/02/2006 6:12
464,17,1,14040,2.99,20/08/2005 21:43,15/02/2006 6:12
465,17,2,14326,2.99,21/08/2005 8:15,15/02/2006 6:12
466,17,1,14346,2.99,21/08/2005 8:42,15/02/2006 6:12
467,17,2,15752,5.99,23/08/2005 12:41,15/02/2006 6:12
468,18,1,50,2.99,25/05/2005 6:44,15/02/2006 6:12
469,18,1,116,4.99,25/05/2005 19:27,15/02/2006 6:12
470,18,1,692,4.99,29/05/2005 1:32,15/02/2006 6:12
471,18,2,1451,5.99,15/06/2005 19:30,15/02/2006 6:12
472,18,2,1783,4.99,16/06/2005 19:23,15/02/2006 6:12
473,18,2,2112,5.99,17/06/2005 19:52,15/02/2006 6:12
474,18,1,2990,8.99,20/06/2005 9:02,15/02/2006 6:12
475,18,2,4672,3.99,08/07/2005 10:15,15/02/2006 6:12
476,18,2,4724,3.99,08/07/2005 12:46,15/02/2006 6:12
477,18,2,4923,3.99,08/07/2005 21:44,15/02/2006 6:12
478,18,2,6128,2.99,11/07/2005 8:15,15/02/2006 6:12
479,18,1,6846,0.99,12/07/2005 19:20,15/02/2006 6:12
480,18,2,8122,2.99,28/07/2005 19:27,15/02/2006 6:12
481,18,1,8555,4.99,29/07/2005 11:18,15/02/2006 6:12
482,18,1,9036,4.99,30/07/2005 6:18,15/02/2006 6:12
483,18,2,9114,4.99,30/07/2005 9:13,15/02/2006 6:12
484,18,1,10682,4.99,01/08/2005 17:32,15/02/2006 6:12
485,18,2,10721,1.99,01/08/2005 19:05,15/02/2006 6:12
486,18,2,11094,4.99,02/08/2005 8:03,15/02/2006 6:12
487,18,2,11439,4.99,02/08/2005 20:22,15/02/2006 6:12
488,18,2,12333,0.99,18/08/2005 6:51,15/02/2006 6:12
489,18,2,13490,0.99,20/08/2005 1:29,15/02/2006 6:12
490,19,2,18,0.99,25/05/2005 1:10,15/02/2006 6:12
491,19,2,110,9.99,25/05/2005 18:43,15/02/2006 6:12
492,19,1,179,6.99,26/05/2005 4:26,15/02/2006 6:12
493,19,1,337,2.99,27/05/2005 3:22,15/02/2006 6:12
494,19,2,591,2.99,28/05/2005 13:11,15/02/2006 6:12
495,19,2,696,2.99,29/05/2005 1:59,15/02/2006 6:12
496,19,1,2657,2.99,19/06/2005 10:42,15/02/2006 6:12
497,19,1,2848,2.99,19/06/2005 22:55,15/02/2006 6:12
498,19,2,3423,2.99,21/06/2005 17:38,15/02/2006 6:12
499,19,2,3549,4.99,06/07/2005 2:24,15/02/2006 6:12
500,19,2,6495,4.99,12/07/2005 2:57,15/02/2006 6:12
501,19,1,9157,5.99,30/07/2005 11:06,15/02/2006 6:12
502,19,1,9256,0.99,30/07/2005 14:29,15/02/2006 6:12
503,19,2,10077,9.99,31/07/2005 20:01,15/02/2006 6:12
504,19,1,10176,7.99,31/07/2005 23:40,15/02/2006 6:12
505,19,2,11508,8.99,16/08/2005 23:27,15/02/2006 6:12
506,19,1,11869,5.99,17/08/2005 14:10,15/02/2006 6:12
507,19,1,12211,9.99,18/08/2005 2:31,15/02/2006 6:12
508,19,2,12357,2.99,18/08/2005 7:40,15/02/2006 6:12
509,19,1,13718,8.99,20/08/2005 9:53,15/02/2006 6:12
510,19,2,13804,8.99,20/08/2005 12:46,15/02/2006 6:12
511,19,1,14101,4.99,21/08/2005 0:33,15/02/2006 6:12
512,19,1,15047,2.99,22/08/2005 9:57,15/02/2006 6:12
513,19,2,15529,0.99,23/08/2005 3:46,15/02/2006 6:12
514,20,2,202,2.99,26/05/2005 7:27,15/02/2006 6:12
515,20,2,497,6.99,28/05/2005 0:54,15/02/2006 6:12
516,20,2,546,1.99,28/05/2005 7:16,15/02/2006 6:12
517,20,2,1558,0.99,16/06/2005 2:33,15/02/2006 6:12
518,20,2,2136,3.99,17/06/2005 21:16,15/02/2006 6:12
519,20,2,2343,4.99,18/06/2005 11:46,15/02/2006 6:12
520,20,1,3350,4.99,21/06/2005 11:21,15/02/2006 6:12
521,20,2,4011,3.99,07/07/2005 0:48,15/02/2006 6:12
522,20,1,4407,2.99,07/07/2005 21:39,15/02/2006 6:12
523,20,1,5718,2.99,10/07/2005 11:03,15/02/2006 6:12
524,20,1,6254,2.99,11/07/2005 15:10,15/02/2006 6:12
525,20,2,6267,6.99,11/07/2005 15:53,15/02/2006 6:12
526,20,2,7217,4.99,27/07/2005 9:31,15/02/2006 6:12
527,20,2,7864,5.99,28/07/2005 10:06,15/02/2006 6:12
528,20,2,8127,2.99,28/07/2005 19:45,15/02/2006 6:12
529,20,2,9075,4.99,30/07/2005 7:55,15/02/2006 6:12
530,20,2,9468,3.99,30/07/2005 22:53,15/02/2006 6:12
531,20,2,10284,4.99,01/08/2005 3:33,15/02/2006 6:12
532,20,1,10616,7.99,01/08/2005 14:59,15/02/2006 6:12
533,20,1,10954,1.99,02/08/2005 3:30,15/02/2006 6:12
534,20,1,11821,0.99,17/08/2005 12:27,15/02/2006 6:12
535,20,1,12180,0.99,18/08/2005 1:28,15/02/2006 6:12
536,20,2,13036,4.99,19/08/2005 8:48,15/02/2006 6:12
537,20,1,13137,4.99,19/08/2005 12:26,15/02/2006 6:12
538,20,2,13317,2.99,19/08/2005 19:25,15/02/2006 6:12
539,20,2,14613,2.99,21/08/2005 18:03,15/02/2006 6:12
540,20,2,15057,6.99,22/08/2005 10:19,15/02/2006 6:12
541,20,1,15161,1.99,22/08/2005 14:37,15/02/2006 6:12
542,20,2,15248,0.99,22/08/2005 17:53,15/02/2006 6:12
543,20,1,15460,2.99,23/08/2005 1:10,15/02/2006 6:12
544,21,1,260,3.99,26/05/2005 15:42,15/02/2006 6:12
545,21,2,463,3.99,27/05/2005 20:11,15/02/2006 6:12
546,21,1,570,0.99,28/05/2005 10:15,15/02/2006 6:12
547,21,2,2235,7.99,18/06/2005 4:08,15/02/2006 6:12
548,21,1,2268,4.99,18/06/2005 6:13,15/02/2006 6:12
549,21,1,2393,2.99,18/06/2005 15:37,15/02/2006 6:12
550,21,2,2830,4.99,19/06/2005 21:14,15/02/2006 6:12
551,21,1,3212,10.99,21/06/2005 1:04,15/02/2006 6:12
552,21,2,5107,4.99,09/07/2005 6:42,15/02/2006 6:12
553,21,1,5772,3.99,10/07/2005 13:27,15/02/2006 6:12
554,21,1,5961,2.99,10/07/2005 23:43,15/02/2006 6:12
555,21,2,6943,1.99,26/07/2005 23:28,15/02/2006 6:12
556,21,1,7994,0.99,28/07/2005 14:56,15/02/2006 6:12
557,21,2,8196,6.99,28/07/2005 22:56,15/02/2006 6:12
558,21,2,8862,2.99,29/07/2005 23:49,15/02/2006 6:12
559,21,2,9149,0.99,30/07/2005 10:45,15/02/2006 6:12
560,21,1,9699,5.99,31/07/2005 7:29,15/02/2006 6:12
561,21,2,10570,4.99,01/08/2005 13:23,15/02/2006 6:12
562,21,1,10734,0.99,01/08/2005 19:28,15/02/2006 6:12
563,21,2,11072,0.99,02/08/2005 7:10,15/02/2006 6:12
564,21,2,11970,0.99,17/08/2005 17:53,15/02/2006 6:12
565,21,2,12131,2.99,17/08/2005 23:34,15/02/2006 6:12
566,21,2,12660,4.99,18/08/2005 19:07,15/02/2006 6:12
567,21,1,12774,6.99,18/08/2005 23:34,15/02/2006 6:12
568,21,1,13381,2.99,19/08/2005 21:37,15/02/2006 6:12
569,21,2,13399,4.99,19/08/2005 22:09,15/02/2006 6:12
570,21,1,13411,4.99,19/08/2005 22:43,15/02/2006 6:12
571,21,1,13463,8.99,20/08/2005 0:50,15/02/2006 6:12
572,21,1,13699,9.99,20/08/2005 9:26,15/02/2006 6:12
573,21,1,13740,4.99,20/08/2005 10:48,15/02/2006 6:12
574,21,2,14077,8.99,20/08/2005 23:24,15/02/2006 6:12
575,21,2,14161,2.99,21/08/2005 2:51,15/02/2006 6:12
576,21,2,14446,2.99,21/08/2005 12:10,15/02/2006 6:12
577,21,1,14869,4.99,22/08/2005 3:20,15/02/2006 6:12
578,21,1,14933,2.99,14/02/2006 15:16,15/02/2006 6:12
579,22,1,370,4.99,27/05/2005 7:49,15/02/2006 6:12
580,22,1,556,4.99,28/05/2005 8:31,15/02/2006 6:12
581,22.13333333,0.533333333,-1129.733333,5.39,21/08/2005 2:51,15/02/2006 6:12
582,22.36190476,0.304761905,-4277.990476,5.79,21/08/2005 12:10,15/02/2006 6:12
583,22.59047619,0.076190476,-7426.247619,6.19,22/08/2005 3:20,15/02/2006 6:12
584,22.81904762,-0.152380952,-10574.50476,6.59,14/02/2006 15:16,15/02/2006 6:12
585,23.04761905,-0.380952381,-13722.7619,6.99,27/05/2005 7:49,15/02/2006 6:12
586,23.27619048,-0.60952381,-16871.01905,7.39,28/05/2005 8:31,15/02/2006 6:12
587,23.5047619,-0.838095238,-20019.27619,7.79,21/08/2005 2:51,15/02/2006 6:12
588,23.73333333,-1.066666667,-23167.53333,8.19,21/08/2005 12:10,15/02/2006 6:12
589,23.96190476,-1.295238095,-26315.79048,8.59,22/08/2005 3:20,15/02/2006 6:12
590,24.19047619,-1.523809524,-29464.04762,8.99,14/02/2006 15:16,15/02/2006 6:12
591,24.41904762,-1.752380952,-32612.30476,9.39,27/05/2005 7:49,15/02/2006 6:12
592,24.64761905,-1.980952381,-35760.5619,9.79,28/05/2005 8:31,15/02/2006 6:12
593,24.87619048,-2.20952381,-38908.81905,10.19,21/08/2005 2:51,15/02/2006 6:12
594,25.1047619,-2.438095238,-42057.07619,10.59,21/08/2005 12:10,15/02/2006 6:12
595,25.33333333,-2.666666667,-45205.33333,10.99,22/08/2005 3:20,15/02/2006 6:12
596,25.56190476,-2.895238095,-48353.59048,11.39,14/02/2006 15:16,15/02/2006 6:12
597,25.79047619,-3.123809524,-51501.84762,11.79,27/05/2005 7:49,15/02/2006 6:12
598,26.01904762,-3.352380952,-54650.10476,12.19,28/05/2005 8:31,15/02/2006 6:12
599,26.01904762,-3.352380952,-54650.10476,12.19,28/05/2005 8:31,15/02/2006 6:12
600,26.01904762,-3.352380952,-54650.10476,12.19,28/05/2005 8:31,15/02/2006 6:12
600,26.01904762,-3.352380952,-54650.10476,12.19,28/05/2005 8:31,15/02/2006 6:12
